{"cameraMode":{"drawMode":0,"name":"Shaded","section":"Shading Mode"},"sceneLighting":true,"audioPlay":false,"sceneViewState":{"showFog":true,"showMaterialUpdate":false,"showSkybox":true,"showFlares":true,"showImageEffects":true,"showParticleSystems":true},"in2DMode":false,"pivot":{"x":1.9587297439575196,"y":1.410937786102295,"z":-2.0416903495788576},"rotation":{"x":-0.03108713962137699,"y":0.965920090675354,"z":-0.1388881355524063,"w":-0.21620044112205506},"size":4.358642578125,"orthographic":false}